{
	"assets.json": {
		"content": "internal",
		"comment": "Meta file defining other assets. Should point to itself.",
		"contentURL": [
			"https://raw.githubusercontent.com/gorhill/uBlock/master/assets/assets.json",
			"assets/assets.json"
		]
	},
	"public_suffix_list.dat": {
		"content": "internal",
		"comment": "Needed for domain matching.",
		"contentURL": [
			"https://publicsuffix.org/list/public_suffix_list.dat"
		]
	},

	"ublock-filters": {
		"content": "filters",
		"group": "default",
		"title": "uBlock filters – Ads",
		"tags": "ads ublock",
		"contentURL": [
			"https://ublockorigin.github.io/uAssets/filters/filters.txt"
		],
		"supportURL": "https://github.com/uBlockOrigin/uAssets"
	},
	"ublock-badware": {
		"content": "filters",
		"group": "default",
		"title": "uBlock filters – Badware risks",
		"tags": "malware security ublock",
		"contentURL": [
			"https://ublockorigin.github.io/uAssets/filters/badware.txt"
		],
		"supportURL": "https://github.com/uBlockOrigin/uAssets"
	},
	"ublock-privacy": {
		"content": "filters",
		"group": "default",
		"title": "uBlock filters – Privacy",
		"tags": "privacy ublock",
		"contentURL": [
			"https://ublockorigin.github.io/uAssets/filters/privacy.txt"
		],
		"supportURL": "https://github.com/uBlockOrigin/uAssets"
	},
	"ublock-unbreak": {
		"content": "filters",
		"group": "default",
		"title": "uBlock filters – Unbreak",
		"tags": "ublock",
		"contentURL": [
			"https://ublockorigin.github.io/uAssets/filters/unbreak.txt"
		],
		"supportURL": "https://github.com/uBlockOrigin/uAssets"
	},

	"easylist": {
		"content": "filters",
		"group": "ads",
		"title": "EasyList",
		"tags": "ads",
		"preferred": true,
		"contentURL": [
			"https://easylist.to/easylist/easylist.txt"
		],
		"supportURL": "https://easylist.to/"
	},
	"easyprivacy": {
		"content": "filters",
		"group": "privacy",
		"title": "EasyPrivacy",
		"tags": "privacy",
		"preferred": true,
		"contentURL": [
			"https://easylist.to/easylist/easyprivacy.txt"
		],
		"supportURL": "https://easylist.to/"
	},

	"urlhaus-malware": {
		"content": "filters",
		"group": "malware",
		"title": "URLHaus Malicious URL Blocklist",
		"tags": "malware security",
		"contentURL": [
			"https://malware-filter.gitlab.io/urlhaus-filter/urlhaus-filter-online.txt"
		],
		"supportURL": "https://gitlab.com/malware-filter/urlhaus-filter"
	},

	"adguard-annoyances": {
		"content": "filters",
		"group": "annoyances",
		"off": true,
		"title": "AdGuard Annoyances filter",
        "comment": "Blocks раздражители: cookie notices, popups, mobile app banners, widgets etc.",
		"tags": "annoyances cookies popup mobile widgets",
		"contentURL": [
			"https://filters.adtidy.org/windows/filters/14.txt"
		],
		"supportURL": "https://github.com/AdguardTeam/AdguardFilters"
	},
	"adguard-social": {
		"content": "filters",
		"group": "annoyances",
		"off": true,
		"title": "AdGuard Social media filter",
		"tags": "annoyances social",
		"contentURL": [
			"https://filters.adtidy.org/windows/filters/4.txt"
		],
		"supportURL": "https://github.com/AdguardTeam/AdguardFilters"
	}
}
