[
  {
    "id": 1,
    "priority": 1,
    "action": { "type": "block" },
    "condition": {
      "urlFilter": "||doubleclick.net/*",
      "resourceTypes": ["script", "xmlhttprequest", "sub_frame", "main_frame"]
    }
  },
  {
    "id": 2,
    "priority": 1,
    "action": { "type": "block" },
    "condition": {
      "urlFilter": "||googlesyndication.com/*",
      "resourceTypes": ["script", "xmlhttprequest", "sub_frame"]
    }
  },
  {
    "id": 3,
    "priority": 1,
    "action": { "type": "block" },
    "condition": {
      "urlFilter": "||hotstar.com/ads/*",
      "resourceTypes": ["script", "xmlhttprequest", "sub_frame"]
    }
  },
  {
    "id": 4,
    "priority": 1,
    "action": { "type": "block" },
    "condition": {
      "urlFilter": "||hotstar.com/v1/assets/*ad*",
      "resourceTypes": ["script", "xmlhttprequest"]
    }
  },
  {
    "id": 5,
    "priority": 1,
    "action": { "type": "block" },
    "condition": {
      "urlFilter": "||hesads.akamaized.net/*",
      "resourceTypes": ["script", "xmlhttprequest", "media", "sub_frame"]
    }
  },
  {
    "id": 6,
    "priority": 1,
    "action": { "type": "block" },
    "condition": {
      "urlFilter": "||hotstar.com/*adConfig*",
      "resourceTypes": ["script", "xmlhttprequest"]
    }
  },
  {
    "id": 7,
    "priority": 1,
    "action": { "type": "block" },
    "condition": {
      "urlFilter": "||hotstar.com/*analytics*",
      "resourceTypes": ["script", "xmlhttprequest"]
    }
  },
  {
    "id": 8,
    "priority": 1,
    "action": { "type": "block" },
    "condition": {
      "urlFilter": "||hotstar.com/v1/events*",
      "resourceTypes": ["xmlhttprequest"]
    }
  },
  {
    "id": 9,
    "priority": 1,
    "action": { "type": "block" },
    "condition": {
      "urlFilter": "||pubmatic.com/*",
      "resourceTypes": ["script", "xmlhttprequest", "sub_frame"]
    }
  },
  {
    "id": 10,
    "priority": 1,
    "action": { "type": "block" },
    "condition": {
      "urlFilter": "||openx.net/*",
      "resourceTypes": ["script", "xmlhttprequest", "sub_frame"]
    }
  },
  {
    "id": 11,
    "priority": 1,
    "action": { "type": "block" },
    "condition": {
      "urlFilter": "||rubiconproject.com/*",
      "resourceTypes": ["script", "xmlhttprequest", "sub_frame"]
    }
  },
  {
    "id": 12,
    "priority": 1,
    "action": { "type": "block" },
    "condition": {
      "urlFilter": "||scorecardresearch.com/*",
      "resourceTypes": ["script", "xmlhttprequest"]
    }
  },
  {
    "id": 13,
    "priority": 1,
    "action": { "type": "block" },
    "condition": {
      "urlFilter": "||adnxs.com/*",
      "resourceTypes": ["script", "image", "xmlhttprequest"]
    }
  },
  {
    "id": 14,
    "priority": 1,
    "action": { "type": "block" },
    "condition": {
      "urlFilter": "||criteo.com/*",
      "resourceTypes": ["script", "image", "xmlhttprequest"]
    }
  },
  {
    "id": 15,
    "priority": 1,
    "action": { "type": "block" },
    "condition": {
      "urlFilter": "||outbrain.com/*",
      "resourceTypes": ["script", "sub_frame"]
    }
  },
  {
    "id": 16,
    "priority": 1,
    "action": { "type": "block" },
    "condition": {
      "urlFilter": "||taboola.com/*",
      "resourceTypes": ["script", "sub_frame"]
    }
  },
  {
    "id": 17,
    "priority": 2,
    "action": { "type": "block" },
    "condition": {
      "domains": ["hotstar.com", "jiocinema.com"],
      "urlFilter": "*banner*|*popup*|*overlay*",
      "resourceTypes": ["sub_frame", "image", "media"]
    }
  },
  {
    "id": 18,
    "priority": 1,
    "action": { "type": "block" },
    "condition": {
      "urlFilter": "||youtube.com/pagead/*",
      "resourceTypes": ["script", "xmlhttprequest", "sub_frame"]
    }
  },
  {
    "id": 19,
    "priority": 1,
    "action": { "type": "block" },
    "condition": {
      "regexFilter": "^https?://www\\.youtube\\.com/get_video_info.*(&adformat=|&ad_type=|&el=adunit).*$",
      "resourceTypes": ["xmlhttprequest"],
      "initiatorDomains": ["www.youtube.com"]
    }
  },
  {
    "id": 20,
    "priority": 1,
    "action": { "type": "block" },
    "condition": {
      "urlFilter": "||youtube.com/api/stats/ads*",
      "resourceTypes": ["xmlhttprequest"]
    }
  },
  {
    "id": 21,
    "priority": 1,
    "action": { "type": "block" },
    "condition": {
      "urlFilter": "||hotstar.com/*/ads/*",
      "resourceTypes": ["script", "xmlhttprequest", "sub_frame"]
    }
  },
  {
    "id": 22,
    "priority": 1,
    "action": { "type": "block" },
    "condition": {
      "urlFilter": "||jiocinema.com/*/ads/*",
      "resourceTypes": ["script", "xmlhttprequest", "sub_frame"]
    }
  },
  {
    "id": 23,
    "priority": 1,
    "action": { "type": "block" },
    "condition": {
      "urlFilter": "||spotify.com/ad-logic/*",
      "resourceTypes": ["script", "xmlhttprequest"]
    }
  },
  {
    "id": 24,
    "priority": 1,
    "action": { "type": "block" },
    "condition": {
      "urlFilter": "||trafficjunky.net/*",
      "resourceTypes": ["script", "xmlhttprequest", "sub_frame", "image"]
    }
  },
  {
    "id": 25,
    "priority": 1,
    "action": { "type": "block" },
    "condition": {
      "urlFilter": "||exoclick.com/*",
      "resourceTypes": ["script", "xmlhttprequest", "sub_frame", "image"]
    }
  },
  {
    "id": 26,
    "priority": 1,
    "action": { "type": "block" },
    "condition": {
      "urlFilter": "youtube.com/youtubei/v1/player/ad_break*",
      "resourceTypes": ["xmlhttprequest"]
    }
  },
  {
    "id": 27,
    "priority": 1,
    "action": { "type": "block" },
    "condition": {
      "regexFilter": "^https?://(?:[^/]*\\.)?youtube\\.com/youtubei/v1/next\\?.*adPlacements.*$",
      "resourceTypes": ["xmlhttprequest"]
    }
  },
  {
    "id": 28,
    "priority": 1,
    "action": { "type": "block" },
    "condition": {
      "urlFilter": "||adeventtracker.spotify.com/*",
      "resourceTypes": ["xmlhttprequest", "script"]
    }
  },
  {
    "id": 29,
    "priority": 1,
    "action": { "type": "block" },
    "condition": {
      "urlFilter": "||audio-fa.scdn.co/audio/*-ad-*",
      "resourceTypes": ["media"]
    }
  },
  {
    "id": 30,
    "priority": 1,
    "action": { "type": "block" },
    "condition": {
      "urlFilter": "||spclient.wg.spotify.com/ad-logic/*",
      "resourceTypes": ["xmlhttprequest"]
    }
  },
  {
    "id": 31,
    "priority": 1,
    "action": { "type": "block" },
    "condition": {
      "urlFilter": "||spclient.wg.spotify.com/gabo-receiver-service/*",
      "resourceTypes": ["xmlhttprequest"]
    }
  },
  {
    "id": 32,
    "priority": 1,
    "action": { "type": "block" },
    "condition": {
      "urlFilter": "||api-partner.spotify.com/ads/*",
      "resourceTypes": ["xmlhttprequest"]
    }
  }
]